Fit,FitLow,FitHigh
-0.6372407978719958,-0.68490926914521,-0.5895723265987817
1.0880110939000993,1.0778549428270183,1.0981672449731803
