Fit,FitLow,FitHigh
2.5441878837237364,2.5203230267027292,2.5680527407447435
0.42683068484987247,0.4210845892919281,0.43257678040781683
