Fit,FitLow,FitHigh
4.270053745998009,4.268056560563183,4.272050931432835
0.13669534964473087,0.13631442132555688,0.13707627796390487
