Fit,FitLow,FitHigh
3.7583533505197027,3.755735320555263,3.7609713804841425
0.20265859987558885,0.20215938144053103,0.20315781831064667
