Fit,FitLow,FitHigh
3.6172427469097856,3.60882223432206,3.6256632594975113
0.2256067717390452,0.2242365288167848,0.2269770146613056
